psalajczyk@gmail.com,Paweł,500600700
psalajczyk+1@gmail.com,Paweł 1,500600701
psalajczyk+2@gmail.com,Paweł 2,500600702
Psalajczyk+3@gmail.com,Paweł 3,500600703
Psalajczyk+4@gmail.com,Paweł 4,500600704
Psalajczyk+5@gmail.com,Paweł 5,500600705
Psalajczyk+6@gmail.com,Paweł 6,500600706
Psalajczyk+7@gmail.com,Paweł 7,500600707
Psalajczyk+8@gmail.com,Paweł 8,500600708
Psalajczyk+9@gmail.com,Paweł 9,500600709
Psalajczyk+10@gmail.com,Paweł 10,500600710
Psalajczyk+11@gmail.com,Paweł 11,500600711
Psalajczyk+12@gmail.com,Paweł 12,500600712
Psalajczyk+13@gmail.com,Paweł 13,500600713
Psalajczyk+14@gmail.com,Paweł 14,500600714
Psalajczyk+15@gmail.com,Paweł 15,500600715
Psalajczyk+16@gmail.com,Paweł 16,500600716
Psalajczyk+17@gmail.com,Paweł 17,500600717
Psalajczyk+18@gmail.com,Paweł 18,500600718
Psalajczyk+19@gmail.com,Paweł 19,500600719
Psalajczyk+20@gmail.com,Paweł 20,500600720
Psalajczyk+21@gmail.com,Paweł 21,500600721
Psalajczyk+22@gmail.com,Paweł 22,500600722
Psalajczyk+23@gmail.com,Paweł 23,500600723
Psalajczyk+24@gmail.com,Paweł 24,500600724
Psalajczyk+25@gmail.com,Paweł 25,500600725
Psalajczyk+26@gmail.com,Paweł 26,500600726
Psalajczyk+27@gmail.com,Paweł 27,500600727
Psalajczyk+28@gmail.com,Paweł 28,500600728
